name,status,resource_count,pending_count,failed_count,compliant_count,resource_type,title,evaluation_time,file,line,time,change_count,out_of_sync_count,skipped,failed
node_prod,changed,27,0,0,27,Schedule,never,0.002654,,,2015-04-25 10:09 UTC,0,0,false,false
node_prod,changed,27,0,0,27,Anchor,mysql::db_prod_mdb::begin,0.00374,/etc/puppet/modules/mysql/manifests/db.pp,28,2015-04-25 10:11 UTC,0,0,false,false
node_prod,changed,27,0,0,27,File,mysql-config-file,0.09526,/etc/puppet/modules/mysql/manifests/server/config.pp,43,2015-04-25 10:09 UTC,0,0,false,false
node_prod,changed,27,0,0,27,Anchor,mysql::db_prod_mdb::end,0.002844,/etc/puppet/modules/mysql/manifests/db.pp,30,2015-04-25 10:11 UTC,0,0,false,false
node_prod,changed,27,0,0,27,Notify,Nginx is installed.,0.018476,/etc/puppet/environments/prod/manifests/site.pp,6,2015-04-25 10:11 UTC,1,1,false,false
node_prod,changed,27,0,0,27,Package,mysql-server,0.017113,/etc/puppet/modules/mysql/manifests/server/install.pp,10,2015-04-25 10:09 UTC,0,0,false,false
node_prod,changed,27,0,0,27,Notify,Nginx is running.,0.021282,/etc/puppet/environments/prod/manifests/site.pp,11,2015-04-25 10:11 UTC,1,1,false,false
node_prod,changed,27,0,0,27,Mysql_user,prod_user@localhost,1.397949,,,2015-04-25 10:11 UTC,1,1,false,false
node_prod,changed,27,0,0,27,File,/etc/my.cnf.d,0.067778,/etc/puppet/modules/mysql/manifests/server/config.pp,19,2015-04-25 10:09 UTC,0,0,false,false
node_prod,changed,27,0,0,27,Schedule,monthly,0.003108,,,2015-04-25 10:09 UTC,0,0,false,false
node_prod,changed,27,0,0,27,Schedule,daily,0.003196,,,2015-04-25 10:09 UTC,0,0,false,false
node_prod,changed,27,0,0,27,Mysql_grant,prod_user@localhost/prod_mdb.*,1.129614,/etc/puppet/modules/mysql/manifests/db.pp,56,2015-04-25 10:11 UTC,1,1,false,false
node_prod,changed,27,0,0,27,Schedule,hourly,0.003172,,,2015-04-25 10:09 UTC,0,0,false,false
node_prod,changed,27,0,0,27,Schedule,weekly,0.001024,,,2015-04-25 10:09 UTC,0,0,false,false
node_prod,changed,27,0,0,27,Mysql_database,prod_mdb,1.029045,,,2015-04-25 10:11 UTC,1,1,false,false
node_prod,changed,27,0,0,27,Filebucket,puppet,0.001207,,,2015-04-25 10:09 UTC,0,0,false,false
node_prod,changed,27,0,0,27,Anchor,mysql::client::end,0.001944,/etc/puppet/modules/mysql/manifests/client.pp,27,2015-04-25 10:11 UTC,0,0,false,false
node_prod,changed,27,0,0,27,Schedule,puppet,0.004069,,,2015-04-25 10:12 UTC,0,0,false,false
node_prod,changed,27,0,0,27,Exec,mysql_install_db,0.013062,/etc/puppet/modules/mysql/manifests/server/install.pp,30,2015-04-25 10:09 UTC,0,0,false,false
node_prod,changed,27,0,0,27,Service,nginx,8.108987,/etc/puppet/environments/prod/manifests/site.pp,9,2015-04-25 10:11 UTC,1,1,false,false
node_prod,changed,27,0,0,27,Anchor,mysql::server::start,0.004893,/etc/puppet/modules/mysql/manifests/server.pp,63,2015-04-25 10:09 UTC,0,0,false,false
node_prod,changed,27,0,0,27,Service,mysqld,3.595972,/etc/puppet/modules/mysql/manifests/server/service.pp,25,2015-04-25 10:09 UTC,0,0,false,false
node_prod,changed,27,0,0,27,Package,mysql_client,0.013777,/etc/puppet/modules/mysql/manifests/client/install.pp,9,2015-04-25 10:11 UTC,0,0,false,false
node_prod,changed,27,0,0,27,Anchor,mysql::client::start,0.003482,/etc/puppet/modules/mysql/manifests/client.pp,25,2015-04-25 10:11 UTC,0,0,false,false
node_prod,changed,27,0,0,27,File,/var/log/mysqld.log,0.149984,/etc/puppet/modules/mysql/manifests/server/service.pp,17,2015-04-25 10:11 UTC,0,0,false,false
node_prod,changed,27,0,0,27,Package,nginx,110.925738,/etc/puppet/environments/prod/manifests/site.pp,4,2015-04-25 10:09 UTC,1,1,false,false
node_prod,changed,27,0,0,27,Anchor,mysql::server::end,0.00202,/etc/puppet/modules/mysql/manifests/server.pp,64,2015-04-25 10:11 UTC,0,0,false,false
node_default,unchanged,23,0,0,23,File,mysql-config-file,0.039181,/etc/puppet/modules/mysql/manifests/server/config.pp,43,2015-04-25 09:43 UTC,0,0,false,false
node_default,unchanged,23,0,0,23,Schedule,never,0.000789,,,2015-04-25 09:43 UTC,0,0,false,false
node_default,unchanged,23,0,0,23,Mysql_user,test_user@localhost,0.005941,,,2015-04-25 09:43 UTC,0,0,false,false
node_default,unchanged,23,0,0,23,Mysql_grant,test_user@localhost/test_db.*,0.005818,/etc/puppet/modules/mysql/manifests/db.pp,56,2015-04-25 09:43 UTC,0,0,false,false
node_default,unchanged,23,0,0,23,Mysql_database,test_db,0.016545,,,2015-04-25 09:43 UTC,0,0,false,false
node_default,unchanged,23,0,0,23,Package,mysql-server,0.007836,/etc/puppet/modules/mysql/manifests/server/install.pp,10,2015-04-25 09:43 UTC,0,0,false,false
node_default,unchanged,23,0,0,23,File,/etc/my.cnf.d,0.024022,/etc/puppet/modules/mysql/manifests/server/config.pp,19,2015-04-25 09:43 UTC,0,0,false,false
node_default,unchanged,23,0,0,23,Schedule,monthly,0.002369,,,2015-04-25 09:43 UTC,0,0,false,false
node_default,unchanged,23,0,0,23,Schedule,daily,0.000999,,,2015-04-25 09:43 UTC,0,0,false,false
node_default,unchanged,23,0,0,23,Schedule,weekly,0.000612,,,2015-04-25 09:43 UTC,0,0,false,false
node_default,unchanged,23,0,0,23,Schedule,hourly,0.000766,,,2015-04-25 09:43 UTC,0,0,false,false
node_default,unchanged,23,0,0,23,Filebucket,puppet,0.001446,,,2015-04-25 09:43 UTC,0,0,false,false
node_default,unchanged,23,0,0,23,Anchor,mysql::db_test_db::end,0.001618,/etc/puppet/modules/mysql/manifests/db.pp,30,2015-04-25 09:43 UTC,0,0,false,false
node_default,unchanged,23,0,0,23,Anchor,mysql::client::end,0.000961,/etc/puppet/modules/mysql/manifests/client.pp,27,2015-04-25 09:43 UTC,0,0,false,false
node_default,unchanged,23,0,0,23,Schedule,puppet,0.002889,,,2015-04-25 09:43 UTC,0,0,false,false
node_default,unchanged,23,0,0,23,Anchor,mysql::server::start,0.003925,/etc/puppet/modules/mysql/manifests/server.pp,63,2015-04-25 09:43 UTC,0,0,false,false
node_default,unchanged,23,0,0,23,Exec,mysql_install_db,0.003402,/etc/puppet/modules/mysql/manifests/server/install.pp,30,2015-04-25 09:43 UTC,0,0,false,false
node_default,unchanged,23,0,0,23,Anchor,mysql::db_test_db::begin,0.000883,/etc/puppet/modules/mysql/manifests/db.pp,28,2015-04-25 09:43 UTC,0,0,false,false
node_default,unchanged,23,0,0,23,File,/var/log/mysqld.log,0.030741,/etc/puppet/modules/mysql/manifests/server/service.pp,17,2015-04-25 09:43 UTC,0,0,false,false
node_default,unchanged,23,0,0,23,Service,mysqld,3.343239,/etc/puppet/modules/mysql/manifests/server/service.pp,25,2015-04-25 09:43 UTC,0,0,false,false
node_default,unchanged,23,0,0,23,Anchor,mysql::server::end,0.000893,/etc/puppet/modules/mysql/manifests/server.pp,64,2015-04-25 09:43 UTC,0,0,false,false
node_default,unchanged,23,0,0,23,Package,mysql_client,0.004312,/etc/puppet/modules/mysql/manifests/client/install.pp,9,2015-04-25 09:43 UTC,0,0,false,false
node_default,unchanged,23,0,0,23,Anchor,mysql::client::start,0.00064,/etc/puppet/modules/mysql/manifests/client.pp,25,2015-04-25 09:43 UTC,0,0,false,false
puppetmaster01.example.com,unchanged,23,0,0,23,Schedule,puppet,0.002508,,,2015-04-24 15:19 UTC,0,0,false,false
puppetmaster01.example.com,unchanged,23,0,0,23,File,/etc/my.cnf.d,0.106613,/etc/puppet/modules/mysql/manifests/server/config.pp,19,2015-04-24 15:19 UTC,0,0,false,false
puppetmaster01.example.com,unchanged,23,0,0,23,Schedule,hourly,0.000328,,,2015-04-24 15:19 UTC,0,0,false,false
puppetmaster01.example.com,unchanged,23,0,0,23,Anchor,mysql::db_test_db::end,0.006307,/etc/puppet/modules/mysql/manifests/db.pp,30,2015-04-24 15:19 UTC,0,0,false,false
puppetmaster01.example.com,unchanged,23,0,0,23,Package,mysql_client,0.006157,/etc/puppet/modules/mysql/manifests/client/install.pp,9,2015-04-24 15:19 UTC,0,0,false,false
puppetmaster01.example.com,unchanged,23,0,0,23,Anchor,mysql::client::start,0.001104,/etc/puppet/modules/mysql/manifests/client.pp,25,2015-04-24 15:19 UTC,0,0,false,false
puppetmaster01.example.com,unchanged,23,0,0,23,Schedule,monthly,0.000754,,,2015-04-24 15:19 UTC,0,0,false,false
puppetmaster01.example.com,unchanged,23,0,0,23,Schedule,weekly,0.015235,,,2015-04-24 15:19 UTC,0,0,false,false
puppetmaster01.example.com,unchanged,23,0,0,23,Anchor,mysql::server::start,0.000357,/etc/puppet/modules/mysql/manifests/server.pp,63,2015-04-24 15:19 UTC,0,0,false,false
puppetmaster01.example.com,unchanged,23,0,0,23,Schedule,daily,0.00048,,,2015-04-24 15:19 UTC,0,0,false,false
puppetmaster01.example.com,unchanged,23,0,0,23,File,mysql-config-file,0.209335,/etc/puppet/modules/mysql/manifests/server/config.pp,43,2015-04-24 15:19 UTC,0,0,false,false
puppetmaster01.example.com,unchanged,23,0,0,23,Package,mysql-server,0.039186,/etc/puppet/modules/mysql/manifests/server/install.pp,10,2015-04-24 15:19 UTC,0,0,false,false
puppetmaster01.example.com,unchanged,23,0,0,23,Mysql_database,test_db,0.012033,,,2015-04-24 15:19 UTC,0,0,false,false
puppetmaster01.example.com,unchanged,23,0,0,23,Anchor,mysql::db_test_db::begin,0.001867,/etc/puppet/modules/mysql/manifests/db.pp,28,2015-04-24 15:19 UTC,0,0,false,false
puppetmaster01.example.com,unchanged,23,0,0,23,Filebucket,puppet,0.012484,,,2015-04-24 15:19 UTC,0,0,false,false
puppetmaster01.example.com,unchanged,23,0,0,23,Exec,mysql_install_db,0.006459,/etc/puppet/modules/mysql/manifests/server/install.pp,30,2015-04-24 15:19 UTC,0,0,false,false
puppetmaster01.example.com,unchanged,23,0,0,23,Anchor,mysql::client::end,0.001227,/etc/puppet/modules/mysql/manifests/client.pp,27,2015-04-24 15:19 UTC,0,0,false,false
puppetmaster01.example.com,unchanged,23,0,0,23,Schedule,never,0.002677,,,2015-04-24 15:19 UTC,0,0,false,false
puppetmaster01.example.com,unchanged,23,0,0,23,Mysql_user,test_user@localhost,0.00538,,,2015-04-24 15:19 UTC,0,0,false,false
puppetmaster01.example.com,unchanged,23,0,0,23,File,/var/log/mysqld.log,0.113816,/etc/puppet/modules/mysql/manifests/server/service.pp,17,2015-04-24 15:19 UTC,0,0,false,false
puppetmaster01.example.com,unchanged,23,0,0,23,Service,mysqld,6.087479,/etc/puppet/modules/mysql/manifests/server/service.pp,25,2015-04-24 15:19 UTC,0,0,false,false
puppetmaster01.example.com,unchanged,23,0,0,23,Mysql_grant,test_user@localhost/test_db.*,0.019945,/etc/puppet/modules/mysql/manifests/db.pp,56,2015-04-24 15:19 UTC,0,0,false,false
puppetmaster01.example.com,unchanged,23,0,0,23,Anchor,mysql::server::end,0.001249,/etc/puppet/modules/mysql/manifests/server.pp,64,2015-04-24 15:19 UTC,0,0,false,false
